facturas/factura_234956.pdf,mollyhernandez@example.com,exitoso
facturas/factura_739228.pdf,laura33@example.net,exitoso
facturas/factura_897684.pdf,robertobaker@example.org,exitoso
facturas/factura_394367.pdf,annareed@example.net,exitoso
facturas/factura_654382.pdf,yoderkimberly@example.com,exitoso
facturas/factura_802572.pdf,kim50@example.com,exitoso
facturas/factura_111012.pdf,lucasamanda@example.net,exitoso
facturas/factura_766355.pdf,louis63@example.com,exitoso
facturas/factura_383533.pdf,michaelcollins@example.com,exitoso
facturas/factura_750584.pdf,browncharles@example.net,exitoso
facturas/factura_743974.pdf,mendezheidy@example.org,exitoso
facturas/factura_170542.pdf,gonzalojimenez@example.org,exitoso
facturas/factura_147645.pdf,bhoyos@example.net,exitoso
facturas/factura_765897.pdf,carlosrubio@example.net,exitoso
facturas/factura_494956.pdf,nellymedina@example.com,exitoso
facturas/factura_697867.pdf,rodriguezjorge@example.org,exitoso
facturas/factura_870686.pdf,orozcoalejandro@example.org,exitoso
facturas/factura_809822.pdf,cblanco@example.com,exitoso
facturas/factura_555878.pdf,marcela61@example.com,exitoso
facturas/factura_553837.pdf,ruben43@example.org,exitoso
facturas/factura_315547.pdf,cgonzales@example.org,exitoso
facturas/factura_232462.pdf,andresforero@example.net,exitoso
facturas/factura_508686.pdf,perezangela@example.com,exitoso
facturas/factura_528430.pdf,andresalzate@example.net,exitoso
facturas/factura_721825.pdf,emilio99@example.net,exitoso
facturas/factura_685937.pdf,sanchezstiven@example.net,exitoso
facturas/factura_731622.pdf,elizabeth01@example.com,exitoso
facturas/factura_308867.pdf,nancypinzon@example.org,exitoso
facturas/factura_212143.pdf,ncifuentes@example.com,exitoso
facturas/factura_811771.pdf,ferney24@example.com,exitoso
facturas/factura_582465.pdf,anarvaez@example.org,exitoso
facturas/factura_508765.pdf,lozanoangelica@example.com,exitoso
facturas/factura_976278.pdf,antonio30@example.com,exitoso
facturas/factura_122483.pdf,correo_invalido@@,fallido
facturas/factura_169639.pdf,luz03@example.com,exitoso
facturas/factura_260153.pdf,bolanosjair@example.net,exitoso
facturas/factura_809923.pdf,martha65@example.net,exitoso
facturas/factura_922257.pdf,moralesgloria@example.com,exitoso
facturas/factura_143252.pdf,pablocastro@example.net,exitoso
facturas/factura_926076.pdf,correo_invalido@@,fallido
facturas/factura_649771.pdf,correo_invalido@@,fallido
facturas/factura_650373.pdf,adolfo09@example.net,exitoso
facturas/factura_449042.pdf,veronicaramirez@example.org,exitoso
facturas/factura_984389.pdf,caicedoorlando@example.com,exitoso
facturas/factura_601761.pdf,parrasantiago@example.net,exitoso
facturas/factura_915108.pdf,lvargas@example.org,exitoso
facturas/factura_580813.pdf,gonzalo10@example.com,exitoso
facturas/factura_713757.pdf,jaimesfabio@example.net,exitoso
facturas/factura_630437.pdf,sandra72@example.net,exitoso
facturas/factura_836372.pdf,villamilandres@example.org,exitoso
facturas/factura_567150.pdf,franklin39@example.com,exitoso
facturas/factura_471960.pdf,correo_invalido@@,fallido
facturas/factura_447172.pdf,eliana55@example.com,exitoso
facturas/factura_389719.pdf,pospina@example.net,exitoso
facturas/factura_560944.pdf,camilo59@example.net,exitoso
facturas/factura_783685.pdf,diana25@example.org,exitoso
facturas/factura_899685.pdf,jesusmolina@example.net,exitoso
facturas/factura_814435.pdf,jesusocampo@example.com,exitoso
facturas/factura_977830.pdf,andres75@example.org,exitoso
facturas/factura_543236.pdf,ftoro@example.com,exitoso
facturas/factura_567231.pdf,lucycantillo@example.net,exitoso
facturas/factura_238866.pdf,ruedaricardo@example.net,exitoso
facturas/factura_802215.pdf,ramiro36@example.org,exitoso
facturas/factura_160340.pdf,rserrano@example.com,exitoso
facturas/factura_959851.pdf,castanedaalejandra@example.org,exitoso
facturas/factura_708097.pdf,martha62@example.net,exitoso
facturas/factura_113816.pdf,eduardo26@example.com,exitoso
facturas/factura_332430.pdf,esterflorez@example.net,exitoso
facturas/factura_732432.pdf,luis20@example.org,exitoso
facturas/factura_683018.pdf,valentina00@example.net,exitoso
